Workbook

Sheet Radio
A1: Fecha | B1: Día | C1: Radiodifusora | D1: Programa | E1: Dependencia | F1: Tema | G1: Estatus | H1: Clasificación | I1: Autor | J1: Género | K1: Recuento
A2: 46098 | B2: =IF($A2='Ajuste de fechas'!$A$2,"Día actual","Día anterior") -> Día anterior | C2: Ultra 102.9 FM | D2: Ultra Noticias1 | E2: PGJEH | F2: Levantamiento De Cuerpo | G2: Informativa | H2: Gobierno Del Estado | I2: Daniel Martínez | J2: Noticia | K2: 1
A3: 46098 | B3: =IF($A3='Ajuste de fechas'!$A$2,"Día actual","Día anterior") -> Día anterior | C3: Ultra 102.9 FM | D3: Ultra Noticias1 | E3: PGJEH | F3: Ataque Armado | G3: Negativa | H3: Gobierno Del Estado | I3: Daniel Martínez | J3: Noticia | K3: 2
A4: 46098 | B4: =IF($A4='Ajuste de fechas'!$A$2,"Día actual","Día anterior") -> Día anterior | C4: Ultra 102.9 FM | D4: Ultra Noticias1 | E4: PGJEH | F4: Localización de cuerpo | G4: Informativa | H4: Gobierno Del Estado | I4: Daniel Martínez | J4: Noticia | K4: 3
A5: 46098 | B5: =IF($A5='Ajuste de fechas'!$A$2,"Día actual","Día anterior") -> Día anterior | C5: Ultra 102.9 FM | D5: Ultra Noticias1 | E5: Bienestar | F5: Programas Del Pueblo | G5: Informativa | H5: Gobierno Del Estado | I5: Daniel Martínez | J5: Noticia | K5: 1
A6: 46098 | B6: =IF($A6='Ajuste de fechas'!$A$2,"Día actual","Día anterior") -> Día anterior | C6: Ultra 102.9 FM | D6: Ultra Noticias1 | E6: Saderh | F6: Acuicultura | G6: Informativa | H6: Gobierno Del Estado | I6: Daniel Martínez | J6: Boletín | K6: 1
A7: 46098 | B7: =IF($A7='Ajuste de fechas'!$A$2,"Día actual","Día anterior") -> Día anterior | C7: Ultra 102.9 FM | D7: Ultra Noticias1 | E7: Segobh | F7: Vandalismo | G7: Informativa | H7: Gobierno Del Estado | I7: Daniel Martínez | J7: Noticia | K7: 1
A8: 46098 | B8: =IF($A8='Ajuste de fechas'!$A$2,"Día actual","Día anterior") -> Día anterior | C8: Ultra 102.9 FM | D8: Ultra Noticias1 | E8: Turismo | F8: Capacitación turística | G8: Informativa | H8: Gobierno Del Estado | I8: Daniel Martínez | J8: Noticia | K8: 1
A9: 46098 | B9: =IF($A9='Ajuste de fechas'!$A$2,"Día actual","Día anterior") -> Día anterior | C9: Ultra 102.9 FM | D9: Ultra Noticias1 | E9: Gobernador | F9: Tren AIFA | G9: Informativa | H9: Gobierno Del Estado | I9: Daniel Martínez | J9: Noticia | K9: 1
A10: 46098 | B10: =IF($A10='Ajuste de fechas'!$A$2,"Día actual","Día anterior") -> Día anterior | C10: Ultra 102.9 FM | D10: Ultra Noticias1 | E10: Segobh | F10: Bando de policía y gobierno | G10: Informativa | H10: Gobierno Del Estado | I10: Daniel Martínez | J10: Noticia | K10: 1
A11: 46098 | B11: =IF($A11='Ajuste de fechas'!$A$2,"Día actual","Día anterior") -> Día anterior | C11: Ultra 102.9 FM | D11: Ultra Noticias1 | E11: PGJEH | F11: Maltrato animal | G11: Negativa | H11: Gobierno Del Estado | I11: Daniel Martínez | J11: Noticia | K11: 1
A12: 46098 | B12: =IF($A12='Ajuste de fechas'!$A$2,"Día actual","Día anterior") -> Día anterior | C12: Ultra 102.9 FM | D12: Ultra Noticias1 | E12: Otros | F12: Globo aerostático | G12: Informativa | H12: Otros | I12: Daniel Martínez | J12: Noticia | K12: 1
A13: 46098 | B13: =IF($A13='Ajuste de fechas'!$A$2,"Día actual","Día anterior") -> Día anterior | C13: Ultra 102.9 FM | D13: Ultra Noticias1 | E13: SEPH | F13: Convocatoria | G13: Informativa | H13: Gobierno Del Estado | I13: Daniel Martínez | J13: Noticia | K13: 1
... A222: 46099 | B222: =IF($A222='Ajuste de fechas'!$A$2,"Día actual","Día anterior") -> Día actual | C222: NQ 90.1 FM | D222: Enlace Hidalgo1 | E222: Gobernador | F222: Reunión Gabinete De Seguridad | G222: Informativa | H222: Gobierno Del Estado | I222: Juan Carlos Santamaria | J222: Boletín | K222: 1

Sheet Ajuste de fechas
A1: Día actual | B1: Día anterior
A2: =TODAY() -> 46099 | B2: =A2-1 -> 46098
